smiles,value,qed
CCNC(=O)c1ccc(C(=O)n2nc(C)cc2C)cc1Cl,3.1426429658212753,0.9476991015463347
